ID,First Name,Last Name,Email,Age,City,Occupation
1,John,Doe,john.doe@example.com,28,New York,Software Engineer
2,Alice,Smith,alice.smith@example.com,34,Los Angeles,Designer
3,Bob,Johnson,bob.johnson@example.com,25,Chicago,Developer
4,Carol,Brown,carol.brown@example.com,42,Boston,Product Manager
5,David,Lee,david.lee@example.com,37,San Francisco,Data Scientist
6,Eve,Adams,eve.adams@example.com,29,Seattle,Marketing Manager
7,Frank,Miller,frank.miller@example.com,31,Miami,Engineer
8,Grace,Wilson,grace.wilson@example.com,26,Dallas,UX Designer
9,Henry,Moore,henry.moore@example.com,33,Denver,HR Specialist
10,Ivy,Taylor,ivy.taylor@example.com,24,Portland,Teacher
11,Jack,White,jack.white@example.com,36,Las Vegas,Consultant
12,Kate,Harris,kate.harris@example.com,30,Phoenix,Software Developer
13,Liam,Clark,liam.clark@example.com,27,San Diego,Product Designer
14,Mona,Lopez,mona.lopez@example.com,32,Houston,Researcher
15,Nate,Walker,nate.walker@example.com,38,Austin,Manager
16,Olivia,Allen,olivia.allen@example.com,26,Atlanta,Marketing Coordinator
17,Paul,King,paul.king@example.com,45,New Orleans,Engineer
18,Quinn,Scott,quinn.scott@example.com,29,Orlando,Architect
19,Rachel,Young,rachel.young@example.com,40,Chicago,Consultant
20,Steve,Garcia,steve.garcia@example.com,39,Los Angeles,Operations Manager
21,Tina,Martinez,tina.martinez@example.com,34,Miami,Product Manager
22,Uma,Roberts,uma.roberts@example.com,32,Dallas,Analyst
23,Victor,Mitchell,victor.mitchell@example.com,28,New York,Graphic Designer
24,Will,Edwards,will.edwards@example.com,31,San Francisco,Developer
25,Xena,Green,xena.green@example.com,33,Seattle,Data Analyst
26,Yara,King,yara.king@example.com,30,Boston,HR Coordinator
27,Zane,Scott,zane.scott@example.com,27,Portland,Photographer
28,Anna,Collins,anna.collins@example.com,36,Las Vegas,Artist
29,Ben,Evans,ben.evans@example.com,29,Phoenix,Engineer
30,Chloe,Lee,chloe.lee@example.com,38,Houston,Manager
